MSE,RMSE,MAE,R2
0.00010142902411679044,0.010071197749860265,0.00793172098110768,0.9873026368462848
